datetime,s309061289901010,s309061289901020,s309061289901030,s309061289901330,s309061289901360,s309061289920030,s309061289920040,s309061289920050,s309061289920070,s309061289920080,s309061289920090,s309171289914010,s309171289914020,s309171289914030,s309171289914040,s309171289914050,s309171289914060,s309171289914070,s309171289914080,s309181289913020,s309181289913030,s309181289913050,s309181289913060,s309181289913070,s309181289913170,s309181289913310,s309191289913020,s309191289913040,s309191289913050,s309191289913070,s309191289913080,s309191289913100,s309191289913130,s309191289915120,s309201289921020,s309201289921030,s309201289921040,s309201289921050,s309201289921080,s309201289921090,s309201289921160,s309201289921260,s309011289902010,s309011289902030,s309011289902040,s309011289902050,s309011289902060,s309011289902070,s309011289902090,s309011289902120,s309011289902130,s309011289902140,s309011289902150,s309011289902160,s309011289902170,s309011289902190,s309011289902200,s309011289902205,s309011289902208,s309011289902210,s309011289902220,s309061289901060,s309061289901110,s309061289901130,s309061289901190,s309061289901250,s309061289901400,s309061289901410,s309061289901430,s309061289901450,s309061289901510,s309071289901040,s309071289901140,s309071289901310,s309201289921060
2017/07/01 01:00,0.81,1.11,0.32,0.51,-1.13,1.7,1.17,1.48,1.35,2.61,0.56,1.5,　,0.07,1.75,2.25,0.4,0.71,0.51,0.71,-1.54,1.05,　,1.99,　,0.09,0.9,-0.68,0.07,2.22,3.08,0.34,0.17,0.85,,1.01,1.06,3.04,2.48,3.4,1.43,0.89,0.56,0.08,0.4,1.4,1.86,0.76,0.31,0.98,0.88,1.51,0.05,0.35,0.54,0.04,-0.31,0.04,0.47,0.18,1.7,1.41,-1.63,1.29,1.44,,0.63,0.68,-0.19,0.05,-0.6,2.03,5.79,2.61,1.16
2017/07/01 02:00,0.81,1.09,0.32,0.48,-1.14,1.7,1.16,1.46,1.34,2.6,0.55,1.5,　,0.07,1.69,2.16,0.4,0.71,0.43,0.7,-1.53,1.23,　,2.05,　,0.09,0.9,-0.68,0.07,2.26,3.1,0.34,0.16,0.84,,1,1.03,3,2.62,3.54,1.55,0.88,0.56,0.07,0.38,1.39,1.84,0.78,0.31,0.97,0.88,1.51,0.05,0.35,0.54,0.04,-0.32,0.04,0.47,0.36,1.88,1.35,-1.63,1.28,1.43,,0.63,0.68,-0.19,0.05,-0.6,2.02,5.95,2.63,1.14
2017/07/01 03:00,0.8,1.07,0.31,0.45,-1.15,1.7,1.16,1.44,1.33,2.59,0.54,1.5,　,0.06,1.58,2.03,0.4,0.71,0.36,0.7,-1.53,1.01,　,1.93,　,0.11,0.95,-0.68,0.06,2.18,3.03,0.34,0.16,0.84,,0.99,1.01,2.96,2.58,3.46,1.48,0.86,0.55,0.07,0.37,1.39,1.83,0.75,0.3,0.97,0.88,1.51,0.06,0.35,0.54,0.03,-0.32,0.04,0.47,0.3,1.92,1.34,-1.67,1.29,1.45,,0.63,0.68,-0.19,0.05,-0.59,2,5.76,2.55,1.12
2017/07/01 04:00,0.8,1.06,0.31,0.42,-1.16,1.7,1.15,1.43,1.33,2.59,0.53,1.5,　,0.06,1.44,1.85,0.39,0.71,0.25,0.68,-1.54,0.95,　,1.79,　,0.09,0.98,-0.69,0.06,2.05,2.83,0.33,0.16,0.83,,0.98,1,2.93,2.31,3.18,1.2,0.85,0.55,0.07,0.37,1.39,1.82,0.72,0.3,0.97,0.87,1.51,0.06,0.34,0.53,0.03,-0.32,0.04,0.46,0.4,1.84,1.34,-1.69,1.28,1.43,,0.63,0.67,-0.19,0.05,-0.59,1.99,5.31,2.58,1.09
2017/07/01 05:00,0.79,1.05,0.3,0.4,-1.17,1.7,1.15,1.42,1.32,2.58,0.53,1.5,　,0.06,1.25,1.7,0.39,0.71,0.14,0.68,-1.55,0.59,　,1.49,　,0.09,0.98,-0.67,0.06,1.92,2.56,0.33,0.15,0.83,,0.97,0.99,2.9,1.97,2.84,0.88,0.83,0.55,0.07,0.36,1.38,1.81,0.68,0.3,0.96,0.87,1.5,0.05,0.34,0.53,0.02,-0.32,0.03,0.46,0.41,1.84,1.32,-1.7,1.24,1.44,,0.63,0.67,-0.19,0.05,-0.59,1.98,4.64,2.6,1.07
2017/07/01 06:00,0.79,1.04,0.3,0.38,-1.18,1.7,1.14,1.41,1.31,2.58,0.52,1.5,　,0.06,1.11,1.58,0.39,0.7,0.09,0.68,-1.56,0.4,　,1.24,　,0.08,0.98,-0.64,0.09,1.9,2.29,0.33,0.15,0.83,,0.96,0.97,2.87,1.54,2.4,0.43,0.81,0.55,0.06,0.35,1.38,1.81,0.71,0.29,0.96,0.87,1.5,0.04,0.34,0.53,0.02,-0.33,0.03,0.46,0.21,1.69,1.3,-1.71,1.21,1.43,,0.63,0.67,-0.19,0.05,-0.59,1.97,4.05,2.62,1.05
2017/07/01 07:00,0.79,1.03,0.29,0.36,-1.2,1.7,1.14,1.39,1.31,2.57,0.52,1.5,　,0.06,1.07,1.57,0.39,0.7,0.08,0.68,-1.59,0.18,　,1.08,　,0.08,0.97,-0.63,0.1,1.9,2.16,0.32,0.14,0.84,,0.95,0.96,2.83,1.23,2.03,0.09,0.79,0.55,0.06,0.35,1.37,1.8,0.73,0.27,0.96,0.87,1.5,0.03,0.33,0.53,0.02,-0.35,0.03,0.46,0.14,1.54,1.3,-1.73,1.19,1.43,,0.63,0.67,-0.19,0.05,-0.58,1.96,3.56,2.62,1.03
2017/07/01 08:00,0.78,1.02,0.29,0.35,-1.2,1.7,1.14,1.38,1.3,2.56,0.51,1.5,　,0.06,1.1,1.63,0.38,0.7,0.08,0.67,-1.63,0.15,　,0.97,　,0.08,0.86,-0.63,0.1,1.9,,0.31,0.14,0.83,,0.94,0.95,2.8,1.11,1.76,-0.06,0.77,0.55,0.05,0.35,1.37,1.79,0.75,0.24,0.96,0.87,1.49,0.03,0.32,0.52,0.01,-0.36,0.03,0.47,0.06,1.47,1.3,-1.74,1.15,1.41,,0.63,0.67,-0.18,0.05,-0.57,1.95,3.4,2.61,1.02
2017/07/01 09:00,0.78,1,0.28,0.33,-1.31,1.7,1.13,1.37,1.3,2.56,0.5,1.5,　,0.06,1.18,1.7,0.38,0.69,0.09,0.67,-1.65,0.1,　,0.99,　,0.07,0.86,-0.64,0.09,1.9,2.12,0.3,0.14,0.83,,0.93,0.94,2.78,1.07,1.77,-0.12,0.75,0.54,0.03,0.34,1.37,1.78,0.77,0.23,0.95,0.86,1.48,0.03,0.3,0.52,0.01,-0.35,0.03,0.47,0,1.51,1.26,-1.73,1.12,1.44,,0.63,0.67,-0.18,0.05,-0.57,1.94,3.44,2.61,1
2017/07/01 10:00,0.78,0.98,0.28,0.31,-1.36,1.7,1.13,1.36,1.29,2.56,0.5,1.5,　,0.06,1.36,1.8,0.37,0.69,0.13,0.67,-1.64,0.24,　,1.08,　,0.07,0.85,-0.68,0.07,1.89,2.16,0.3,0.14,0.81,,0.92,0.93,2.75,1.09,1.94,-0.04,0.74,0.53,0.06,0.33,1.36,1.78,0.78,0.21,0.95,0.84,1.46,0.02,0.27,0.52,0.01,-0.37,0.03,0.47,0.11,1.52,1.25,-1.76,1.12,1.46,,0.63,0.66,-0.18,0.05,-0.58,1.93,3.74,2.6,0.98
2017/07/01 11:00,0.77,0.96,0.26,0.3,-1.26,1.7,1.13,1.35,1.28,2.55,0.49,1.5,　,0.07,1.44,1.92,0.36,0.69,0.21,0.67,-1.62,0.4,　,1.29,　,0.07,0.84,-0.71,0.05,1.88,2.42,0.28,0.14,0.83,,0.92,0.92,2.73,1.4,2.27,0.31,0.73,0.53,0.09,0.32,1.34,1.77,0.8,0.22,0.94,0.84,1.46,-0.01,0.23,0.51,0.01,-0.38,0.02,0.47,0.07,1.57,1.25,-1.78,1.1,1.42,,0.63,0.66,-0.18,0.04,-0.6,1.92,4.33,2.58,0.97
2017/07/01 12:00,0.77,0.95,0.26,0.28,-1.24,1.7,1.13,1.34,1.28,2.55,0.48,1.5,　,0.07,1.55,2,,0.68,0.29,0.66,-1.61,0.63,　,1.45,　,0.07,0.85,-0.71,0.04,1.87,2.56,0.29,0.13,0.83,,0.91,0.91,2.7,1.71,2.6,0.6,0.72,0.53,0.1,0.29,1.32,1.76,0.76,0.22,0.94,0.84,1.46,-0.03,0.28,0.52,0,-0.39,0.02,0.48,0.1,1.59,1.24,-1.79,1.07,1.4,,0.63,0.66,-0.18,0.04,-0.6,1.92,4.87,2.56,0.96
2017/07/01 13:00,0.77,0.94,0.25,0.27,-1.25,1.7,1.13,1.33,1.27,2.54,0.47,1.5,　,0.07,1.53,1.99,0.35,0.68,0.31,0.65,-1.62,0.81,　,1.66,　,0.07,0.84,-0.72,0.03,1.96,2.76,0.28,0.12,0.82,,0.89,0.9,2.68,2.02,2.9,0.91,0.71,0.53,0.11,0.26,1.31,1.74,0.74,0.22,0.94,0.84,1.47,-0.05,0.28,0.51,0,-0.39,0.02,0.47,0.24,1.68,1.21,-1.79,1.04,1.42,,0.63,0.65,-0.17,0.04,-0.61,1.91,5.29,2.55,0.94
2017/07/01 14:00,0.77,0.91,0.24,0.25,-1.26,1.7,1.12,1.32,1.27,2.54,0.47,1.5,　,0.07,1.48,1.93,0.35,0.68,0.26,0.65,-1.61,0.77,　,1.65,　,0.07,0.8,-0.72,0.03,1.94,2.75,0.28,0.12,0.81,,0.89,0.89,2.65,2.16,3.05,1.07,0.7,0.52,0.11,0.25,1.29,1.72,0.71,0.22,0.94,0.85,1.47,-0.06,0.28,0.51,-0.01,-0.39,0.02,0.47,0.36,1.78,1.2,-1.81,1.03,1.45,,0.63,0.65,-0.17,0.04,-0.62,1.9,5.51,2.54,0.93
2017/07/01 15:00,0.76,0.9,0.24,0.23,-1.26,1.7,1.12,1.31,1.26,2.54,0.46,1.5,　,0.07,1.34,1.83,0.34,0.68,0.17,0.64,-1.62,0.81,　,1.66,　,0.07,0.69,-0.72,0.03,1.96,2.75,0.28,0.12,0.82,,0.88,0.87,2.63,2.19,3.09,1.09,0.69,0.52,0.11,0.24,1.29,1.71,0.69,0.22,0.94,0.85,1.47,-0.07,0.27,0.51,-0.01,-0.39,0.02,0.46,0.41,1.89,1.15,-1.83,1.01,1.45,,0.63,0.65,-0.17,0.04,-0.62,1.89,5.46,2.54,0.91
2017/07/01 16:00,0.76,0.9,0.23,0.21,-1.28,1.7,1.12,1.3,1.26,2.53,0.46,1.5,　,0.06,1.23,1.72,0.34,0.67,0.11,0.63,-1.63,0.63,　,1.48,　,0.07,0.71,,0.02,1.9,2.59,0.27,0.11,0.81,,0.88,0.87,2.6,2.03,2.91,0.91,0.68,0.52,0.11,0.24,1.29,1.69,0.68,0.21,0.93,0.85,1.48,-0.08,0.28,0.5,-0.01,-0.39,0.02,0.46,0.48,1.9,1.11,-1.85,0.99,1.44,,0.63,0.64,-0.17,0.04,-0.62,1.89,5.14,2.52,0.9
2017/07/01 17:00,0.76,0.89,0.23,0.19,-1.29,1.7,1.12,1.29,1.25,2.52,0.45,1.49,　,0.06,1.07,1.57,0.34,0.67,0.07,0.63,-1.65,0.52,　,1.36,　,0.07,0.84,-0.76,0.01,1.86,2.45,0.27,0.11,0.81,,0.87,0.86,2.58,1.76,2.65,0.66,0.66,0.52,0.11,0.24,1.29,1.69,0.7,0.21,0.93,0.85,1.48,-0.08,0.25,0.5,-0.02,-0.4,0.02,0.46,0.37,1.85,1.09,-1.89,0.96,1.43,,0.63,0.64,-0.18,0.04,-0.64,1.88,4.67,2.51,0.88
2017/07/01 18:00,0.76,0.89,0.23,0.17,-1.3,1.7,1.12,1.28,1.25,2.52,0.45,1.49,　,0.06,1.01,1.48,0.34,0.67,0.07,0.62,-1.66,0.26,　,1.1,　,0.07,0.84,-0.79,-0.02,1.83,2.21,0.26,0.11,0.8,,0.86,0.85,2.56,1.45,2.31,0.32,0.65,0.52,0.11,0.24,1.29,1.68,0.73,0.21,0.93,0.85,1.48,-0.08,0.24,0.5,-0.02,-0.41,0.02,0.46,0.26,1.72,1.07,-1.92,0.94,1.43,,0.62,0.64,-0.18,0.04,-0.66,1.87,4.15,2.52,0.87
2017/07/01 19:00,0.75,0.87,0.23,0.16,-1.3,1.7,1.12,1.27,1.24,2.52,0.44,1.49,　,0.06,0.97,1.46,0.34,0.67,0.05,0.61,-1.66,0.15,　,1,　,0.05,0.84,-0.78,-0.03,1.81,2.08,0.25,0.11,0.79,,0.85,0.84,2.54,1.17,2.04,0.06,0.65,0.51,0.1,0.24,1.29,1.67,0.75,0.2,0.93,0.85,1.47,-0.09,0.27,0.51,-0.02,-0.41,0.02,0.46,0.21,1.65,1.04,-1.94,0.89,1.41,,0.62,0.64,-0.18,0.04,-0.67,1.87,3.74,2.52,0.86
2017/07/01 20:00,0.75,0.86,0.22,0.15,-1.3,1.7,1.11,1.27,1.24,2.51,0.44,1.49,　,0.05,1.04,1.54,0.34,0.67,0.05,0.6,-1.67,0.04,　,0.93,　,0.06,0.83,-0.74,-0.01,1.81,2.01,0.25,0.11,0.79,,0.84,0.83,2.52,0.99,1.81,-0.11,0.64,0.51,0.1,0.24,1.29,1.67,0.77,0.19,0.92,0.85,1.47,-0.1,0.28,0.5,-0.02,-0.41,0.02,0.46,0.08,1.5,1.04,-1.96,0.86,1.42,,0.62,0.63,-0.19,0.04,-0.69,1.86,3.42,2.53,0.84
2017/07/01 21:00,0.75,0.85,0.22,0.14,-1.31,1.7,1.11,1.26,1.23,2.51,0.43,1.49,　,0.05,1.18,1.66,0.33,0.67,0.07,0.6,-1.7,0.17,　,1.04,　,0.06,0.84,-0.73,0.01,1.83,2.1,0.25,0.1,0.8,,0.84,0.82,2.49,0.94,1.76,-0.18,0.62,0.51,0.1,0.23,1.28,1.66,0.79,0.13,0.92,0.85,1.47,-0.11,0.28,0.5,-0.03,-0.42,0.02,0.46,0.03,1.43,1.03,-1.97,0.83,1.41,,0.62,0.63,-0.19,0.04,-0.7,1.85,3.46,2.54,0.83
2017/07/01 22:00,0.75,0.85,0.22,0.14,-1.32,1.7,1.11,1.25,1.23,2.5,0.42,1.49,　,0.05,1.34,1.82,0.33,0.67,0.14,0.59,-1.7,0.22,　,1.13,　,0.06,0.84,-0.73,0.01,1.84,2.21,0.24,0.1,0.79,,0.83,0.81,2.46,1,1.91,-0.11,0.61,0.51,0.09,0.23,1.28,1.66,0.77,0.17,0.92,0.85,1.47,-0.11,0.27,0.5,-0.03,-0.42,0.02,0.46,0.02,1.41,0.99,-1.97,0.79,1.41,,0.62,0.62,-0.19,0.03,-0.7,1.84,3.7,2.55,0.82
2017/07/01 23:00,0.75,0.84,0.22,0.13,-1.33,1.7,1.11,1.25,1.23,2.5,0.42,1.48,　,0.05,1.5,1.99,0.33,0.66,0.23,0.58,-1.7,0.45,　,1.36,　,0.06,0.84,-0.73,0.01,1.84,2.44,0.24,0.1,0.79,,0.82,0.8,2.44,1.34,2.26,0.26,0.6,0.51,0.08,0.23,1.28,1.65,0.74,0.18,0.92,0.85,1.47,-0.11,0.27,0.5,-0.03,-0.43,0.01,0.47,0.02,1.48,0.98,-2,0.76,1.42,,0.62,0.62,-0.19,0.03,-0.71,1.84,4.19,2.55,0.81
2017/07/02 00:00,0.75,0.84,0.22,0.12,-1.33,1.7,1.11,1.24,1.22,2.5,0.41,1.48,　,0.05,1.63,2.12,0.33,0.66,0.36,0.58,-1.7,0.66,　,1.58,　,0.06,0.74,-0.73,0.01,1.87,2.65,0.24,0.1,0.79,,0.82,0.79,2.42,1.72,2.63,0.66,0.59,0.51,0.08,0.22,1.28,1.65,0.71,0.19,0.92,0.85,1.47,-0.11,0.27,0.5,-0.03,-0.43,0.01,0.47,0.09,1.55,0.98,-2.03,0.76,1.41,,0.62,0.61,-0.19,0.03,-0.71,1.83,4.78,2.56,0.79
2017/07/02 01:00,0.74,0.83,0.21,0.11,-1.34,1.7,1.1,1.24,1.22,2.49,0.41,1.48,　,0.04,1.7,2.16,0.33,0.66,0.43,0.58,-1.73,0.95,　,1.79,　,0.06,0.7,-0.73,0.01,2.03,2.86,0.24,0.1,0.79,,0.81,0.79,2.4,2.08,2.99,1.01,0.58,0.51,0.09,0.21,1.27,1.65,0.69,0.19,0.91,0.85,1.46,-0.11,0.27,0.5,-0.03,-0.43,0.01,0.47,0.15,1.62,0.97,-2.03,0.74,1.41,,0.62,0.61,-0.19,0.03,-0.71,1.83,5.3,2.58,0.78
2017/07/02 02:00,0.74,0.82,0.21,0.1,-1.34,1.7,1.1,1.23,1.21,2.49,0.41,1.48,　,0.04,1.72,2.14,0.32,0.66,0.45,0.57,-1.73,0.95,　,1.87,　,0.06,0.69,-0.74,0.01,2.12,2.96,0.24,0.09,0.78,,0.8,0.78,2.39,2.36,3.24,1.27,0.58,0.51,0.09,0.21,1.27,1.64,0.67,0.19,0.91,0.85,1.46,-0.11,0.27,0.49,-0.03,-0.43,0.01,0.47,0.24,1.73,0.97,-2.04,0.7,1.43,,0.62,0.6,-0.19,0.03,-0.71,1.83,5.65,2.59,0.77
2017/07/02 03:00,0.74,0.81,0.21,0.1,-1.34,1.7,1.1,1.22,1.21,2.49,0.4,1.48,　,0.04,1.56,2.06,0.32,0.66,0.33,0.57,-1.73,1.06,　,1.91,　,0.06,0.7,-0.78,-0.01,2.14,2.95,0.24,0.09,0.78,,0.8,0.77,2.37,2.44,3.31,1.34,0.57,0.52,0.09,0.2,1.27,1.64,0.68,0.19,0.91,0.85,1.46,-0.11,0.27,0.5,-0.04,-0.43,0.01,0.47,0.33,1.84,0.95,-2.04,0.68,1.47,,0.62,0.6,-0.19,0.04,-0.71,1.82,5.75,2.61,0.76
2017/07/02 04:00,0.74,0.81,0.21,0.1,-1.34,1.7,1.1,1.22,1.21,2.49,0.4,1.48,　,0.04,1.45,1.93,0.32,0.66,0.23,0.56,-1.75,0.85,　,1.77,　,0.06,0.71,-0.79,-0.03,2.04,2.86,0.24,0.09,0.78,,0.79,0.77,2.36,2.32,3.21,1.25,0.56,0.52,0.09,0.2,1.27,1.63,0.7,0.19,0.91,0.84,1.46,-0.12,0.27,0.5,-0.04,-0.43,0.01,0.47,0.43,1.95,0.95,-2.05,0.67,1.44,,0.63,0.59,-0.19,0.04,-0.71,1.82,5.55,2.62,0.75
2017/07/02 05:00,0.74,0.81,0.2,0.1,-1.35,1.7,1.1,1.21,1.2,2.48,0.4,1.48,　,0.04,1.27,1.75,0.32,0.65,0.12,0.55,-1.76,0.8,　,1.64,　,0.06,0.82,-0.8,-0.04,1.94,2.69,0.24,0.09,0.78,,0.79,0.76,2.34,2.1,2.99,1.02,0.55,0.52,0.09,0.2,1.27,1.63,0.71,0.19,0.91,0.84,1.46,-0.12,0.27,0.49,-0.04,-0.43,0.01,0.47,0.46,1.92,0.95,-2.06,0.65,1.44,,0.63,0.59,-0.19,0.04,-0.7,1.82,5.1,2.6,0.75
2017/07/02 06:00,0.74,0.81,0.2,0.1,-1.35,1.7,1.09,1.21,1.2,2.48,0.4,1.48,　,0.04,1.13,1.6,0.32,0.65,0.07,0.54,-1.77,0.43,　,1.34,　,0.05,0.84,-0.8,-0.05,1.83,2.42,0.24,0.09,0.78,,0.79,0.76,2.33,1.74,2.67,0.69,0.55,0.52,0.09,0.2,1.27,1.62,0.73,0.2,0.91,0.84,1.46,-0.12,0.27,0.49,-0.04,-0.43,0.01,0.47,0.32,1.83,0.95,-2.06,0.64,1.41,,0.63,0.59,-0.19,0.04,-0.7,1.82,4.52,2.55,0.74
2017/07/02 07:00,0.74,0.81,0.2,0.09,-1.35,1.7,1.09,1.2,1.2,2.48,0.4,1.48,　,0.04,0.98,1.46,0.31,0.65,0.05,0.54,-1.78,0.31,　,1.16,　,0.05,0.85,-0.8,-0.05,1.8,2.21,0.23,0.09,0.78,,0.78,0.75,2.31,1.37,2.28,0.31,0.54,0.52,0.08,0.2,1.27,1.62,0.74,0.2,0.91,0.84,1.46,-0.12,0.26,0.49,-0.04,-0.43,0.01,0.47,0.31,1.74,0.95,-2.06,0.62,1.41,,0.63,0.59,-0.19,0.04,-0.7,1.82,4.01,2.56,0.73
2017/07/02 08:00,0.74,0.81,0.2,0.09,-1.36,1.7,1.09,1.2,1.19,2.48,0.4,1.48,　,0.04,0.97,1.45,0.31,0.65,0.04,0.54,-1.8,0,　,0.93,　,0.05,0.84,-0.75,-0.03,1.79,2,0.23,0.09,0.78,,0.78,0.75,2.31,1.06,1.92,0,0.54,0.52,0.08,0.2,1.26,1.61,0.75,0.2,0.91,0.84,1.46,-0.12,0.25,0.49,-0.03,-0.43,0.01,0.47,0.1,1.6,0.95,-2.06,0.61,1.45,,0.63,0.59,-0.18,0.04,-0.71,1.81,3.68,2.56,0.73
2017/07/02 09:00,0.74,0.8,0.2,0.09,-1.36,1.7,1.09,1.19,1.19,2.48,0.4,1.48,　,0.04,0.98,1.47,0.3,0.64,0.04,0.53,-1.83,0.11,　,0.91,　,0.04,0.8,-0.73,0,1.81,1.99,0.23,0.09,0.78,,0.78,0.75,2.29,0.85,1.7,-0.19,0.53,0.52,0.08,0.2,1.26,1.61,0.76,0.19,0.91,0.84,1.45,-0.12,0.21,0.5,-0.04,-0.43,0.01,0.48,0.13,1.54,0.92,-2.06,0.6,1.42,,0.63,0.58,-0.18,0.04,-0.71,1.81,3.38,2.55,0.72
2017/07/02 10:00,0.74,0.8,0.2,0.09,-1.37,1.7,1.09,1.19,1.19,2.47,0.41,1.48,　,0.04,1.07,1.55,0.29,0.64,0.04,0.53,-1.83,-0.08,　,0.79,　,0.04,0.7,-0.73,0,1.83,1.93,0.23,0.09,0.77,,0.78,0.74,2.29,0.87,1.69,-0.26,0.53,0.52,0.08,0.2,1.26,1.61,0.78,0.19,0.9,0.84,1.45,-0.15,0.19,0.49,-0.03,-0.43,0.01,0.49,0.04,1.54,0.92,-2.07,0.6,1.42,,0.63,0.58,-0.18,0.04,-0.73,1.81,3.53,2.52,0.71
2017/07/02 11:00,0.73,0.8,0.19,0.09,-1.37,1.7,1.09,1.18,1.19,2.47,0.41,1.48,　,0.04,1.17,1.64,0.29,0.64,0.05,0.53,-1.81,0.18,　,0.99,　,0.04,0.69,-0.73,0.01,1.83,2.08,0.25,0.09,0.77,,0.77,0.74,2.28,0.95,1.83,-0.18,0.53,0.51,0.07,0.2,1.26,1.61,0.77,0.19,0.9,0.84,1.45,-0.14,0.19,0.49,-0.03,-0.43,0.01,0.5,0.05,1.54,0.92,-2.08,0.6,1.44,,0.64,0.58,-0.18,0.04,-0.74,1.8,3.78,2.5,0.71
2017/07/02 12:00,0.73,0.8,0.19,0.09,-1.37,1.7,1.09,1.18,1.19,2.47,0.4,1.48,　,0.04,1.31,1.76,0.29,0.63,0.1,0.53,-1.83,0.17,　,1.08,　,0.03,0.69,-0.76,-0.01,1.83,2.22,0.25,0.08,0.75,,0.77,0.74,2.27,1.19,2.11,0.1,0.53,0.51,0.08,0.19,1.25,1.61,0.75,0.19,0.9,0.83,1.45,-0.14,0.21,0.49,-0.04,-0.43,0.02,0.41,0.11,1.5,0.92,-2.09,0.58,1.42,,0.64,0.58,-0.18,0.04,-0.75,1.8,4.23,2.48,0.7
2017/07/02 13:00,0.73,0.79,0.19,0.09,-1.37,1.7,1.09,1.18,1.18,2.47,0.39,1.48,　,0.04,1.36,1.87,0.28,0.63,0.14,0.53,-1.82,0.53,　,1.33,　,0.05,0.68,-0.79,-0.03,1.82,2.44,0.25,0.08,0.77,,0.77,0.74,2.26,1.51,2.39,0.43,0.52,0.5,0.07,0.19,1.25,1.61,0.72,0.19,0.9,0.83,1.45,-0.15,0.13,0.49,-0.04,-0.43,0.02,0.38,0.09,1.6,0.9,-2.09,0.57,1.42,,0.64,0.58,-0.18,0.04,-0.74,1.8,4.68,2.46,0.7
2017/07/02 14:00,0.73,0.79,0.19,0.09,-1.38,1.7,1.09,1.17,1.18,2.47,0.39,1.48,　,0.04,1.41,1.91,0.28,0.63,0.19,0.53,-1.83,0.57,　,1.48,　,0.05,0.68,-0.8,-0.05,1.83,2.61,0.25,0.08,0.76,,0.76,0.73,2.24,1.77,2.69,0.72,0.52,0.5,0.07,0.19,1.25,1.61,0.69,0.19,0.9,0.84,1.45,-0.15,0.08,0.48,-0.04,-0.43,0.02,0.38,0.16,1.63,0.9,-2.09,0.55,1.43,,0.64,0.58,-0.18,0.04,-0.74,1.79,5.12,2.45,0.69
2017/07/02 15:00,0.73,0.79,0.18,0.1,-1.38,1.7,1.09,1.17,1.18,2.46,0.39,1.48,　,0.04,1.38,1.87,0.28,0.63,0.16,0.52,-1.83,0.78,　,1.6,　,0.05,0.68,-0.81,-0.05,1.88,2.65,0.26,0.08,0.77,,0.76,0.73,2.23,2,2.89,0.91,0.51,0.5,0.07,0.18,1.24,1.6,0.69,0.19,0.9,0.84,1.44,-0.15,0.06,0.47,-0.04,-0.43,0.02,0.38,0.27,1.72,0.9,-2.1,0.55,1.44,,0.63,0.58,-0.18,0.03,-0.73,1.79,5.3,2.45,0.68
2017/07/02 16:00,0.73,0.79,0.19,0.1,-1.38,1.7,1.09,1.16,1.18,2.46,0.38,1.47,　,0.03,1.35,1.8,0.28,0.63,0.13,0.52,-1.83,0.63,　,1.55,　,0.05,0.68,-0.81,-0.06,1.86,2.68,0.27,0.08,0.75,,0.75,0.72,2.22,2.05,2.96,0.97,0.5,0.5,0.07,0.18,1.24,1.6,0.69,0.18,0.9,0.84,1.44,-0.18,0.05,0.47,-0.04,-0.43,0.01,0.38,0.32,1.79,0.88,-2.1,0.54,1.44,,0.63,0.58,-0.18,0.03,-0.73,1.79,5.34,2.42,0.67
2017/07/02 17:00,0.73,0.79,0.19,0.1,-1.38,1.7,1.09,1.16,1.18,2.46,0.38,1.48,　,0.03,1.27,1.7,0.28,0.63,0.08,0.52,-1.85,0.74,　,1.51,　,0.05,0.69,-0.81,-0.06,1.87,2.58,0.26,0.07,0.75,,0.75,0.72,2.21,2,2.89,0.92,0.5,0.5,0.07,0.17,1.24,1.59,0.73,0.18,0.89,0.84,1.44,-0.19,0.05,0.48,-0.04,-0.43,0.01,0.38,0.25,1.79,0.89,-2.11,0.54,1.43,,0.63,0.57,-0.18,0.03,-0.73,1.79,5.17,2.42,0.67
2017/07/02 18:00,0.73,0.79,0.19,0.1,-1.39,1.7,1.09,1.15,1.17,2.45,0.37,1.47,　,0.03,1.13,1.59,0.28,0.62,0.05,0.52,-1.86,0.43,　,1.35,　,0.05,0.72,-0.81,-0.07,1.81,2.47,0.26,0.07,0.76,,0.74,0.71,2.2,1.79,2.68,0.7,0.5,0.5,0.07,0.17,1.24,1.59,0.74,0.17,0.89,0.84,1.44,-0.19,0.14,0.48,-0.05,-0.43,0,0.39,0.34,1.8,0.89,-2.12,0.54,1.43,,0.63,0.57,-0.18,0.03,-0.73,1.79,4.82,2.41,0.66
2017/07/02 19:00,0.73,0.79,0.19,0.1,-1.39,1.7,1.09,1.15,1.17,2.45,0.37,1.47,　,0.03,1.03,1.54,0.27,0.62,0.03,0.51,-1.86,0.42,　,1.21,　,0.05,0.83,-0.81,-0.07,1.79,2.28,0.26,0.07,0.75,,0.73,0.71,2.18,1.54,2.44,0.44,0.5,0.5,0.07,0.17,1.23,1.59,0.76,0.17,0.89,0.84,1.44,-0.19,0.21,0.48,-0.05,-0.42,0,0.41,0.22,1.73,0.89,-2.12,0.53,1.44,,0.63,0.57,-0.18,0.03,-0.73,1.78,4.39,2.41,0.66
2017/07/02 20:00,0.72,0.79,0.19,0.09,-1.39,1.7,1.08,1.14,1.17,2.45,0.37,1.47,　,0.03,1.01,1.52,0.27,0.62,0.04,0.51,-1.84,0.15,　,1.08,　,0.04,0.84,-0.81,-0.07,1.77,2.19,0.25,0.07,0.75,,0.73,0.7,2.17,1.3,2.17,0.2,0.5,0.5,0.07,0.17,1.23,1.58,0.77,0.17,0.89,0.84,1.44,-0.21,0.2,0.48,-0.05,-0.42,0.01,0.41,0.17,1.6,0.89,-2.12,0.53,1.45,,0.63,0.57,-0.19,0.03,-0.73,1.78,3.98,2.41,0.65
2017/07/02 21:00,0.72,0.79,0.19,0.09,-1.39,1.7,1.09,1.14,1.16,2.44,0.36,1.47,　,0.03,1.08,1.58,0.27,0.62,0.04,0.51,-1.84,0.21,　,1.05,　,0.05,0.83,-0.79,-0.06,1.77,2.1,0.25,0.06,0.75,,0.73,0.69,2.15,1.07,1.94,-0.01,0.49,0.5,0.07,0.16,1.23,1.58,0.78,0.17,0.89,0.83,1.44,-0.21,0.2,0.48,-0.05,-0.43,0.01,0.4,0.08,1.61,0.88,-2.12,0.52,1.43,,0.63,0.57,-0.19,0.03,-0.73,1.78,3.67,2.41,0.64
2017/07/02 22:00,0.72,0.79,0.19,0.09,-1.4,1.7,1.08,1.14,1.16,2.44,0.36,1.47,　,0.03,1.19,1.67,0.27,0.62,0.05,0.51,-1.84,0.15,　,1.06,　,0.05,0.8,-0.75,-0.03,1.79,2.17,0.24,0.06,0.75,,0.72,0.68,2.13,0.97,1.89,-0.11,0.49,0.5,0.07,0.16,1.23,1.58,0.79,0.17,0.89,0.83,1.44,-0.22,0.2,0.48,-0.05,-0.43,0.01,0.4,0.04,1.44,0.89,-2.12,0.51,1.44,,0.63,0.58,-0.19,0.03,-0.74,1.78,3.61,2.41,0.63
2017/07/02 23:00,0.72,0.78,0.19,0.08,-1.4,1.7,1.08,1.14,1.16,2.44,0.36,1.47,　,0.03,1.33,1.81,0.27,0.62,0.1,0.51,-1.83,0.3,　,1.15,　,0.05,0.7,-0.73,-0.01,1.81,2.24,0.24,0.06,0.75,,0.71,0.68,2.12,1.1,2,0.01,0.49,0.5,0.07,0.16,1.23,1.57,0.78,0.17,0.88,0.84,1.44,-0.21,0.2,0.48,-0.05,-0.43,0.01,0.41,0.01,1.4,0.89,-2.12,0.52,1.43,,0.63,0.58,-0.19,0.03,-0.74,1.78,3.82,2.41,0.63
2017/07/03 00:00,0.72,0.78,0.19,0.07,-1.4,1.7,1.08,1.13,1.16,2.44,0.35,1.48,　,0.03,1.47,1.95,0.27,0.61,0.2,0.51,-1.84,0.44,　,1.35,　,0.05,0.69,-0.74,0,1.83,2.44,0.24,0.05,0.74,,0.71,0.67,2.1,1.35,2.25,0.28,0.48,0.5,0.07,0.16,1.23,1.57,0.77,0.17,0.88,0.83,1.44,-0.22,0.19,0.48,-0.05,-0.43,0.01,0.41,0.01,1.55,0.88,-2.12,0.51,1.43,,0.63,0.58,-0.19,0.03,-0.73,1.77,4.2,2.41,0.62
2017/07/03 01:00,0.72,0.77,0.19,0.06,-1.4,1.7,1.08,1.13,1.16,2.44,0.35,1.49,　,0.03,1.6,2.06,0.27,0.61,0.31,0.51,-1.85,0.64,　,1.51,　,0.05,0.69,-0.76,-0.01,1.84,2.57,0.23,0.05,0.74,,0.71,0.67,2.09,1.67,2.57,0.62,0.48,0.49,0.07,0.16,1.23,1.56,0.77,0.17,0.88,0.83,1.44,-0.22,0.2,0.47,-0.05,-0.43,0.01,0.42,0.07,1.5,0.86,-2.12,0.51,1.42,,0.63,0.58,-0.19,0.03,-0.73,1.77,4.72,2.42,0.61
2017/07/03 02:00,0.72,0.76,0.19,0.06,-1.4,1.7,1.08,1.13,1.15,2.44,0.35,1.49,　,0.02,1.61,2.08,0.27,0.61,0.34,0.5,-1.84,0.83,　,1.71,　,0.04,0.69,-0.79,-0.04,1.95,2.81,0.23,0.05,0.73,,0.7,0.67,2.08,1.98,2.89,0.92,0.47,0.49,0.07,0.16,1.23,1.56,0.75,0.17,0.88,0.83,1.44,-0.21,0.2,0.47,-0.05,-0.43,0,0.42,0.07,1.63,0.85,-2.13,0.51,1.42,,0.63,0.58,-0.19,0.03,-0.73,1.77,5.2,2.43,0.6
2017/07/03 03:00,0.72,0.76,0.18,0.06,-1.41,1.7,1.08,1.12,1.15,2.43,0.35,1.49,　,0.02,1.63,2.06,0.27,0.61,0.36,0.5,-1.87,0.88,　,1.75,　,0.04,0.69,-0.8,-0.06,1.98,2.83,0.23,0.05,0.73,,0.7,0.66,2.07,2.17,3.08,1.12,0.47,0.5,0.06,0.16,1.23,1.56,0.74,0.17,0.88,0.84,1.44,-0.21,0.19,0.48,-0.05,-0.43,0,0.42,0.3,1.74,0.85,-2.14,0.51,1.44,,0.63,0.58,-0.19,0.03,-0.73,1.77,5.51,2.43,0.59
2017/07/03 04:00,0.72,0.76,0.18,0.06,-1.41,1.7,1.08,1.12,1.15,2.43,0.35,1.49,　,0.02,1.53,1.96,0.26,0.61,0.28,0.49,-1.86,0.95,　,1.81,　,0.04,0.7,-0.81,-0.06,2.06,2.89,0.23,0.05,0.73,,0.7,0.66,2.06,2.23,3.16,1.18,0.47,0.5,0.07,0.16,1.23,1.56,0.73,0.17,0.88,0.83,1.44,-0.21,0.2,0.47,-0.05,-0.43,0,0.42,0.31,1.84,0.85,-2.15,0.51,1.47,,0.63,0.58,-0.19,0.03,-0.73,1.77,5.63,2.44,0.59
2017/07/03 05:00,0.72,0.76,0.18,0.06,-1.41,1.7,1.08,1.12,1.15,2.43,0.34,1.48,　,0.03,1.38,1.8,0.26,0.61,0.13,0.49,-1.86,0.74,　,1.64,　,0.04,0.82,-0.81,-0.07,1.92,2.72,0.23,0.05,0.74,,0.69,0.66,2.05,2.16,3.09,1.13,0.46,0.5,0.07,0.16,1.23,1.56,0.73,0.17,0.88,0.83,1.44,-0.21,0.2,0.47,-0.05,-0.43,0,0.42,0.43,1.91,0.85,-2.16,0.51,1.43,,0.63,0.58,-0.19,0.04,-0.73,1.77,5.49,2.44,0.58
2017/07/03 06:00,0.72,0.76,0.18,0.06,-1.41,1.7,1.08,1.12,1.15,2.43,0.34,1.48,　,0.03,1.18,1.64,0.26,0.6,0.06,0.49,-1.87,0.68,　,1.51,　,0.04,0.81,-0.81,-0.07,1.85,2.58,0.23,0.05,0.73,,0.69,0.65,2.04,1.97,2.87,0.9,0.46,0.5,0.06,0.16,1.23,1.56,0.72,0.17,0.88,0.83,1.44,-0.22,0.2,0.47,-0.05,-0.43,0,0.42,0.43,1.92,0.84,-2.16,0.49,1.44,,0.63,0.58,-0.19,0.04,-0.72,1.77,5.11,2.44,0.57
2017/07/03 07:00,0.72,0.76,0.18,0.06,-1.41,1.7,1.08,1.11,1.15,2.43,0.34,1.48,　,0.02,0.98,1.45,0.26,0.6,0.02,0.49,-1.88,0.36,　,1.23,　,0.03,0.7,-0.81,-0.07,1.8,2.31,0.24,0.05,0.73,,0.69,0.65,2.04,1.62,2.55,0.57,0.46,0.5,0.06,0.16,1.23,1.56,0.72,0.17,0.88,0.83,1.44,-0.22,0.2,0.47,-0.05,-0.43,0,0.42,0.35,1.85,0.83,-2.16,0.47,1.45,,0.63,0.58,-0.19,0.04,-0.7,1.76,4.61,2.43,0.57
2017/07/03 08:00,0.72,0.76,0.18,0.06,-1.41,1.7,1.07,1.11,1.15,2.43,0.34,1.48,　,0.02,0.87,1.35,0.25,0.6,0.01,0.49,-1.89,0.14,　,0.97,　,0.03,0.68,-0.77,-0.05,1.78,2.08,0.23,0.05,0.75,,0.69,0.65,2.03,1.31,2.18,0.25,0.45,0.5,0.06,0.16,1.23,1.56,0.71,0.17,0.88,0.83,1.44,-0.21,0.21,0.47,-0.05,-0.42,0,0.43,0.19,1.71,0.83,-2.16,0.46,1.43,,0.63,0.58,-0.19,0.04,-0.69,1.76,4.06,2.42,0.56
2017/07/03 09:00,0.72,0.76,0.17,0.06,-1.42,1.7,1.08,1.11,1.14,2.43,0.34,1.48,　,0.03,0.83,1.31,0.25,0.6,0.01,0.49,-1.89,-0.01,　,0.82,　,0,0.68,-0.77,-0.03,1.79,1.94,0.23,0.05,0.73,,0.69,0.65,2.02,0.99,1.83,-0.08,0.45,0.5,0.06,0.16,1.23,1.56,0.71,0.17,0.88,0.83,1.44,-0.19,0.15,0.47,-0.05,-0.42,0.01,0.44,0.2,1.63,0.82,-2.18,0.45,1.41,,0.63,0.58,-0.19,0.04,-0.68,1.76,3.64,2.42,0.56
2017/07/03 10:00,0.72,0.76,0.18,0.06,-1.42,1.7,1.07,1.11,1.14,2.43,0.34,1.48,　,0.03,0.83,1.36,0.24,0.59,0.01,0.5,-1.9,-0.11,　,0.73,　,0.11,0.67,-0.79,-0.04,1.8,1.84,0.23,0.05,0.73,,0.69,0.65,2.01,0.8,1.6,-0.27,0.45,0.5,0.05,0.16,1.23,1.56,0.71,0.17,0.88,0.82,1.44,-0.18,0.14,0.47,-0.05,-0.42,0.01,0.44,0.05,1.56,0.82,-2.18,0.43,1.44,,0.63,0.58,-0.19,0.04,-0.68,1.76,3.33,2.38,0.56
2017/07/03 11:00,0.72,0.76,0.18,0.05,-1.42,1.7,1.07,1.1,1.14,2.42,0.34,1.48,　,0.03,0.92,1.43,0.24,0.59,0.01,0.5,-1.9,-0.08,　,0.74,　,0.04,0.67,-0.81,-0.06,1.79,1.85,0.23,0.05,0.73,,0.69,0.65,2,0.73,1.55,-0.35,0.45,0.5,0.05,0.16,1.22,1.56,0.7,0.17,0.88,0.83,1.44,-0.16,0.12,0.47,-0.05,-0.41,0,0.41,0.04,1.44,0.82,-2.18,0.41,1.44,,0.63,0.58,-0.18,0.04,-0.68,1.76,3.32,2.36,0.55
2017/07/03 12:00,0.72,0.76,0.18,0.05,-1.42,1.7,1.07,1.1,1.14,2.42,0.34,1.48,　,0.03,1.1,1.57,0.23,0.59,0.01,0.5,-1.86,-0.03,　,0.84,　,0.03,0.68,-0.82,-0.07,1.77,1.95,0.22,0.05,0.73,,0.69,0.65,2,0.77,1.69,-0.33,0.44,0.5,0.05,0.16,1.23,1.57,0.69,0.17,0.88,0.82,1.44,-0.18,0.11,0.47,-0.04,-0.41,-0.04,0.38,0,1.42,0.83,-2.18,0.42,1.43,,0.63,0.58,-0.18,0.04,-0.67,1.76,3.57,2.35,0.55
2017/07/03 13:00,0.72,0.76,0.18,0.05,-1.42,1.7,1.08,1.1,1.14,2.42,0.34,1.48,　,0.03,1.2,1.7,0.23,0.59,0.03,0.49,-1.85,0.18,　,1.01,　,0.04,0.68,-0.82,-0.07,1.76,2.12,0.27,0.05,0.73,,0.69,0.65,2,1.01,1.95,-0.11,0.44,0.5,0.05,0.16,1.22,1.62,0.67,0.17,0.88,0.82,1.44,-0.17,0.11,0.47,-0.04,-0.42,-0.05,0.37,0,1.43,0.83,-2.18,0.41,1.44,,0.63,0.58,-0.18,0.04,-0.67,1.75,4.04,2.33,0.54
2017/07/03 14:00,0.72,0.75,0.18,0.06,-1.42,1.7,1.08,1.1,1.14,2.43,0.34,1.47,　,0.03,1.38,1.85,0.23,0.58,0.11,0.48,-1.88,0.37,　,1.23,　,0.04,0.67,-0.82,-0.08,1.76,2.35,0.28,0.05,0.73,,0.69,0.64,1.99,1.38,2.28,0.3,0.44,0.5,0.05,0.16,1.22,1.67,0.67,0.17,0.88,0.83,1.43,-0.17,0.1,0.47,-0.04,-0.42,-0.06,0.37,0.01,1.47,0.82,-2.18,0.41,1.45,,0.63,0.59,-0.18,0.04,-0.67,1.75,4.54,2.32,0.53
2017/07/03 15:00,0.72,0.75,0.17,0.07,-1.42,1.7,1.07,1.09,1.14,2.43,0.34,1.47,　,0.03,1.44,1.92,0.23,0.58,0.18,0.48,-1.88,0.69,　,1.48,　,0.04,0.68,-0.82,-0.08,1.8,2.58,0.29,0.05,0.73,,0.69,0.64,1.98,1.76,2.64,0.68,0.44,0.5,0.05,0.15,1.22,1.72,0.67,0.17,0.87,0.83,1.43,-0.18,0.1,0.46,-0.04,-0.42,-0.04,0.38,0.06,1.58,0.82,-2.18,0.4,1.45,,0.63,0.59,-0.18,0.04,-0.67,1.75,5.06,2.3,0.53
2017/07/03 16:00,0.72,0.75,0.17,0.08,-1.42,1.7,1.08,1.09,1.14,2.42,0.35,1.47,　,0.03,1.43,1.89,0.23,0.58,0.17,0.47,-1.88,0.64,　,1.54,　,0.03,0.68,-0.82,-0.08,1.84,2.67,0.29,0.04,0.73,,0.68,0.64,1.97,1.99,2.92,0.94,0.43,0.49,0.05,0.14,1.22,1.77,0.66,0.17,0.87,0.83,1.43,-0.18,0.09,0.46,-0.04,-0.42,-0.03,0.37,0.17,1.66,0.8,-2.17,0.41,1.45,,0.63,0.59,-0.18,0.03,-0.67,1.75,5.34,2.28,0.53
2017/07/03 17:00,0.71,0.75,0.17,0.08,-1.42,1.7,1.08,1.09,1.14,2.42,0.35,1.47,　,0.03,1.38,1.85,0.22,0.58,0.14,0.49,-1.89,0.85,　,1.63,　,0.03,0.67,-0.82,-0.08,1.95,2.75,0.29,0.04,0.73,,0.68,0.64,1.96,2.12,3.04,1.07,0.43,0.49,0.05,0.14,1.22,1.81,0.65,0.17,0.87,0.83,1.43,-0.18,0.1,0.46,-0.04,-0.42,-0.02,0.37,0.22,1.76,0.79,-2.18,0.41,1.43,,0.63,0.59,-0.18,0.03,-0.68,1.75,5.52,2.28,0.52
2017/07/03 18:00,0.71,0.75,0.17,0.07,-1.43,1.7,1.07,1.09,1.13,2.42,0.35,1.47,　,0.02,1.32,1.78,0.23,0.58,0.1,0.49,-1.91,0.66,　,1.54,　,0.03,0.67,-0.82,-0.08,1.88,2.67,0.28,0.04,0.72,,0.68,0.64,1.96,2.11,2.98,1,0.44,0.49,0.06,0.13,1.21,1.85,0.65,0.17,0.87,0.83,1.43,-0.19,0.2,0.47,-0.04,-0.39,-0.03,0.38,0.34,1.83,0.8,-2.19,0.42,1.44,,0.63,0.59,-0.19,0.03,-0.69,1.75,5.39,2.27,0.51
2017/07/03 19:00,0.71,0.75,0.17,0.07,-1.42,1.7,1.07,1.08,1.13,2.41,0.37,1.47,　,0.02,1.2,1.69,0.24,0.58,0.04,0.48,-1.9,0.69,　,1.51,　,0.02,0.7,-0.81,-0.08,1.85,2.58,0.28,0.04,0.73,,0.67,0.63,1.95,1.88,2.81,0.82,0.44,0.49,0.06,0.13,1.21,1.89,0.64,0.17,0.87,0.85,1.43,-0.2,0.2,0.48,-0.03,-0.45,0.01,0.38,0.33,1.83,0.8,-2.19,0.46,1.43,,0.64,0.59,-0.19,0.04,-0.71,1.75,5.02,2.27,0.5
2017/07/03 20:00,0.72,0.75,0.17,0.07,-1.42,1.7,1.08,1.08,1.13,2.41,0.37,1.48,　,0.02,1.16,1.62,0.26,0.58,0.03,0.48,-1.88,0.4,　,1.3,　,0.02,0.84,-0.82,-0.07,1.8,2.41,0.28,0.04,0.72,,0.67,0.63,1.95,1.65,2.56,0.57,0.44,0.53,0.06,0.13,1.21,1.92,0.64,0.36,0.87,0.87,1.43,-0.2,0.2,0.48,-0.03,-0.46,0.03,0.38,0.25,1.75,0.8,-2.2,0.45,1.43,,0.64,0.59,-0.19,0.04,-0.69,1.75,4.57,2.3,0.5
2017/07/03 21:00,0.71,0.75,0.18,0.07,-1.42,1.7,1.08,1.08,1.13,2.41,0.37,1.48,　,0.04,1.09,1.57,0.25,0.59,0.02,0.49,-1.88,0.39,　,1.19,　,0.03,0.84,-0.81,-0.08,1.78,2.26,0.38,0.04,0.72,,0.67,0.63,1.93,1.4,2.29,0.32,0.44,0.54,0.08,0.13,1.21,1.95,0.63,0.29,0.87,0.86,1.43,-0.2,0.21,0.49,-0.03,-0.43,0.02,0.38,0.19,1.68,0.8,-2.19,0.44,1.43,,0.64,0.59,-0.19,0.04,-0.69,1.75,4.09,2.33,0.49
2017/07/03 22:00,0.71,0.76,0.18,0.07,-1.42,1.7,1.07,1.08,1.13,2.41,0.37,1.48,　,0.04,1.18,1.62,0.25,0.6,0.03,0.49,-1.88,0.15,　,1.09,　,0.04,0.74,-0.76,-0.06,1.77,2.19,0.38,0.04,0.72,,0.67,0.62,1.93,1.17,2.07,0.1,0.44,0.53,0.11,0.13,1.21,1.97,0.63,0.25,0.88,0.85,1.44,-0.2,0.21,0.5,-0.04,-0.41,0.02,0.39,0.12,1.61,0.79,-2.19,0.43,1.42,,0.64,0.59,-0.19,0.04,-0.67,1.76,3.7,2.36,0.51
2017/07/03 23:00,0.71,0.76,0.18,0.06,-1.42,1.7,1.07,1.08,1.13,2.41,0.37,1.48,　,0.04,1.24,1.75,0.25,0.6,0.04,0.49,-1.87,0.32,　,1.16,　,0.04,0.71,-0.7,-0.01,1.79,2.21,0.38,0.04,0.72,,0.67,0.62,1.92,1.05,1.97,-0.02,0.44,0.53,0.1,0.13,1.22,2,0.63,0.24,0.88,0.85,1.44,-0.19,0.22,0.5,-0.03,-0.4,0.02,0.39,0.04,1.53,0.79,-2.19,0.42,1.42,,0.64,0.59,-0.19,0.05,-0.65,1.77,3.62,2.38,0.51
2017/07/04 00:00,0.71,0.76,0.18,0.06,-1.42,1.7,1.07,1.08,1.13,2.41,0.37,　,　,　,　,　,　,　,　,0.49,-1.86,0.32,　,1.24,　,0.04,0.71,-0.71,0.01,1.83,2.33,0.38,0.05,0.72,,0.67,0.62,1.92,1.09,2.03,0.02,0.44,0.53,0.1,0.14,1.22,2.03,0.62,0.24,0.88,0.84,1.45,-0.19,0.22,0.5,-0.03,-0.4,0.01,0.39,0.01,1.51,0.79,-2.2,0.42,1.42,,0.64,0.59,-0.19,0.05,-0.63,1.78,3.82,2.41,0.51
2017/07/04 01:00,0.71,0.76,0.18,0.06,-1.42,1.7,1.07,1.07,1.13,2.41,0.37,,　,,,,,,,0.49,-1.86,0.53,　,1.38,　,0.04,0.7,-0.75,-0.01,1.83,2.48,0.38,0.07,0.72,,0.67,0.62,1.91,1.37,2.28,0.31,0.44,0.53,0.1,0.17,1.23,2.05,0.62,0.24,0.88,0.84,1.45,-0.18,0.23,0.5,-0.03,-0.4,0.01,0.39,0.06,1.52,0.79,-2.2,0.42,1.43,,0.64,0.58,-0.19,0.05,-0.63,1.78,4.18,2.44,0.5
2017/07/04 02:00,0.71,0.76,0.18,0.06,-1.42,1.7,1.07,1.07,1.12,2.41,0.37,1.49,　,0.03,1.65,2.08,0.25,0.61,0.41,0.49,-1.86,0.67,　,1.55,　,0.03,0.71,-0.77,-0.03,1.84,2.65,0.38,0.07,0.73,,0.67,0.61,1.9,1.72,2.61,0.67,0.43,0.53,0.09,0.18,1.23,2.08,0.62,0.24,0.88,0.84,1.45,-0.17,0.23,0.5,-0.03,-0.4,0.01,0.39,0.09,1.64,0.82,-2.2,0.42,1.43,,0.64,0.58,-0.19,0.04,-0.63,1.79,4.75,2.46,0.5
2017/07/04 03:00,0.71,0.76,0.18,0.05,-1.42,1.7,1.07,1.07,1.12,2.4,0.37,1.48,　,0.03,1.7,2.12,0.25,0.61,0.41,0.5,-1.86,0.85,　,1.73,　,0.03,0.71,-0.78,-0.04,1.94,2.8,0.38,0.07,0.72,,0.67,0.61,1.9,2,2.9,0.94,0.43,0.53,0.09,0.18,1.24,2.11,0.61,0.24,0.88,0.84,1.45,-0.16,0.23,0.5,-0.04,-0.4,0.01,0.39,0.27,1.72,0.82,-2.19,0.43,1.43,,0.64,0.58,-0.19,0.04,-0.63,1.79,5.28,2.49,0.5
2017/07/04 04:00,0.71,0.76,0.18,0.05,-1.42,1.7,1.07,1.07,1.12,2.4,0.37,1.48,　,0.03,1.68,2.1,0.25,0.61,0.39,0.51,-1.86,0.95,　,1.82,　,0.03,0.86,-0.78,-0.04,2.05,2.9,0.38,0.07,0.72,,0.66,0.61,1.89,2.22,3.12,1.17,0.43,0.53,0.09,0.19,1.24,2.13,0.61,0.24,0.88,0.84,1.45,-0.16,0.23,0.5,-0.04,-0.4,0,0.39,0.35,1.87,0.83,-2.19,0.44,1.43,,0.64,0.58,-0.19,0.04,-0.62,1.79,5.6,2.51,0.49
2017/07/04 05:00,0.71,0.76,0.18,0.05,-1.42,1.7,1.07,1.07,1.12,2.4,0.37,1.48,　,0.03,1.52,1.95,0.24,0.61,0.27,0.51,-1.86,0.95,　,1.79,　,0.03,0.87,-0.78,-0.04,2.08,2.87,0.38,0.07,0.73,,0.66,0.61,1.89,2.27,3.18,1.21,0.43,0.53,0.09,0.19,1.24,2.16,0.61,0.24,0.88,0.84,1.45,-0.16,0.23,0.5,-0.04,-0.4,0,0.39,0.45,1.97,0.83,-2.18,0.45,1.41,,0.64,0.58,-0.19,0.04,-0.62,1.79,5.8,2.54,0.49
2017/07/04 06:00,0.71,0.77,0.18,0.05,-1.42,1.7,1.07,1.07,1.12,2.4,0.37,1.48,　,0.03,1.35,1.83,0.24,0.62,0.13,0.51,-1.86,0.73,　,1.64,　,0.03,0.9,-0.77,-0.04,1.93,2.73,0.37,0.07,0.72,,0.66,0.61,1.89,2.23,3.13,1.15,0.43,0.54,0.09,0.19,1.24,2.18,0.6,0.24,0.88,0.84,1.46,-0.16,0.23,0.5,-0.04,-0.39,0,0.39,0.54,2.04,0.84,-2.17,0.47,1.44,,0.64,0.58,-0.19,0.04,-0.61,1.8,5.65,2.57,0.49
2017/07/04 07:00,0.71,0.77,0.18,0.06,-1.41,1.7,1.07,1.08,1.13,2.41,0.37,1.48,　,0.03,1.13,1.61,0.23,0.62,0.03,0.51,-1.84,0.69,　,1.52,　,0.03,0.92,-0.71,-0.01,1.88,2.57,0.37,0.07,0.73,,0.66,0.62,1.91,2,2.89,0.92,0.43,0.56,0.09,0.19,1.28,2.21,0.61,0.23,0.89,0.85,1.47,-0.13,0.25,0.5,,-0.39,0,0.39,0.54,1.99,0.86,-2.12,0.49,1.43,,0.64,0.59,-0.19,0.05,-0.51,1.83,5.21,2.61,0.48
2017/07/04 08:00,0.72,0.77,0.18,0.06,-1.39,1.7,1.08,1.09,1.13,2.42,0.4,1.48,　,0.03,0.99,1.44,0.28,0.62,0.01,0.53,-1.84,0.3,　,1.2,　,0.06,0.98,-0.68,0.03,1.85,2.3,0.38,0.16,0.75,,0.67,0.63,2.09,1.64,2.54,0.56,0.44,0.58,0.11,0.21,1.31,2.26,0.62,0.25,0.91,0.86,1.49,-0.06,0.31,0.6,-0.01,-0.35,0.24,0.4,0.58,1.97,0.87,-2.06,0.57,1.42,,0.64,0.61,-0.19,0.08,-0.46,1.84,4.63,2.56,0.52
2017/07/04 09:00,0.73,0.78,0.19,0.07,-1.35,1.7,1.09,1.13,1.14,2.44,0.43,1.48,　,0.03,0.88,1.32,0.24,0.62,0.01,0.54,-1.82,0.21,　,1.05,　,0.23,1.06,-0.61,0.11,1.9,2.15,0.37,0.14,0.77,,0.69,0.64,2.14,1.32,2.18,0.23,0.44,0.6,0.14,0.23,1.31,2.3,0.64,0.29,0.93,0.86,1.53,-0.05,0.36,0.58,0.13,-0.32,0.42,0.4,0.51,1.8,0.9,-2.03,0.68,1.44,,0.65,0.7,-0.19,0.15,-0.23,1.85,4.05,2.62,0.54
2017/07/04 10:00,0.76,0.81,0.21,0.1,-1.26,1.72,1.15,1.48,1.28,2.65,0.47,1.48,　,0.04,0.83,1.31,0.25,0.62,0.01,0.54,-1.79,-0.05,　,0.82,　,0.26,1.16,-0.54,0.16,1.95,1.91,0.38,0.13,0.79,,0.7,0.65,2.15,1.05,1.86,-0.01,0.45,0.69,0.26,0.29,1.37,2.38,0.68,0.42,0.98,0.91,1.55,0.08,0.46,0.59,0.18,-0.11,0.74,0.81,0.39,1.63,0.96,-2,0.79,1.45,,0.66,0.79,-0.19,0.2,0.4,1.92,3.98,2.64,0.57
2017/07/04 11:00,0.81,0.86,0.22,0.14,-1.16,1.73,1.21,2.23,1.87,3.3,0.63,1.49,　,0.07,0.96,1.42,0.27,0.64,0.03,0.6,-1.74,0.06,　,0.92,　,0.67,1.27,-0.34,0.34,2.08,2.04,0.48,0.26,0.95,,0.76,0.69,2.22,0.94,1.68,-0.16,0.5,0.77,0.34,0.4,1.47,2.47,0.69,0.6,1.05,0.91,1.55,0.28,0.5,0.69,0.34,0.05,0.81,0.83,0.34,1.51,1.06,-1.96,0.89,1.46,,0.68,0.84,-0.19,0.29,0.31,2.04,3.77,2.64,0.6
2017/07/04 12:00,0.84,0.93,0.27,0.21,-1.09,1.73,1.22,2.15,1.68,3.23,0.81,1.5,　,0.04,0.9,1.53,0.3,0.64,0.02,0.62,-1.55,0.22,　,0.94,　,0.58,1.47,-0.05,0.54,2.36,1.94,0.68,0.52,1.28,,0.82,0.78,2.43,0.96,1.59,-0.17,0.61,0.86,0.48,0.63,1.67,2.6,0.74,0.83,1.13,0.99,1.61,0.52,0.72,0.84,0.47,0.14,1.33,1.16,0.37,1.44,1.12,-1.91,0.98,1.44,,0.7,0.84,-0.19,0.3,0.3,2.33,3.41,2.6,0.82
2017/07/04 13:00,0.9,0.99,0.33,0.32,-1.05,1.84,1.24,2.03,1.56,3.1,1.03,1.5,　,0.04,1.2,1.68,0.32,0.65,0.04,0.68,-1.44,0.09,　,1.03,　,0.51,1.97,0.02,0.53,2.31,2.02,0.81,0.9,1.74,,0.87,0.88,2.63,1.09,1.73,-0.11,0.79,0.89,0.63,0.88,1.82,2.77,0.86,0.95,1.23,0.95,1.74,0.74,0.83,0.86,0.54,0.16,1.07,1.1,0.39,1.42,1.1,-1.81,1.03,1.44,,0.73,0.84,-0.17,0.32,1.34,2.46,3.42,2.58,0.88
2017/07/04 14:00,2.74,1.08,0.36,0.41,-1.04,3.97,1.25,1.93,1.5,3.03,1.2,1.51,　,0.05,1.13,1.73,0.35,0.66,0.05,0.95,-1.32,0.24,　,1.05,　,0.47,2.08,0.29,0.66,2.3,2.13,0.82,1.27,1.57,,0.96,1.04,2.83,1.24,2.02,0.02,1.41,0.84,0.61,1.15,2.07,2.88,0.8,0.83,1.29,0.88,1.65,1.21,0.73,0.8,0.57,0.08,0.7,1,0.38,1.44,1.14,-1.83,1.08,1.47,,0.76,0.82,0.14,0.29,0.94,2.56,3.52,2.61,0.93
2017/07/04 15:00,3.26,2.05,0.74,0.5,-1.03,4.16,3.9,1.84,1.47,2.96,1.27,1.53,　,0.06,1.54,1.96,0.37,0.68,0.24,0.88,-1.28,0.44,　,1.4,　,0.45,1.99,0.54,0.95,2.46,2.58,0.77,1.35,1.43,,1.08,1.14,3.17,1.58,2.46,0.51,1.47,0.76,0.54,1.36,2.2,3.02,0.81,0.71,1.36,0.81,1.45,1.31,0.64,0.76,0.5,0.03,0.42,0.73,0.22,1.46,1.33,-1.84,1.07,1.43,,0.75,0.79,0.13,0.23,0.49,2.66,4.39,2.58,0.99
2017/07/04 16:00,3.22,2.1,0.42,0.48,-1.04,4.09,3.86,1.78,1.44,2.92,1.24,1.55,　,0.06,1.62,1.99,0.38,0.71,0.34,0.88,-1.21,0.78,　,1.59,　,0.44,1.8,0.43,0.95,2.5,2.66,0.71,1.2,1.36,,1.15,1.19,3.28,1.83,2.74,0.75,1.35,0.72,0.46,1.33,2.11,2.96,0.93,0.6,1.32,0.86,1.52,0.95,0.54,0.72,0.42,-0.01,0.28,0.5,0.16,1.46,1.79,-1.71,1.05,1.41,,0.73,0.77,0.12,0.19,-0.47,2.65,4.87,2.58,1.18
2017/07/04 17:00,3.01,2.17,0.47,0.95,-1.06,3.65,3.81,1.76,1.44,2.92,1.15,1.57,　,0.06,1.52,2.01,0.36,0.75,0.33,2.09,-1.21,0.92,　,1.77,　,0.42,1.79,0.27,0.85,2.45,2.86,0.66,1.08,1.3,,1.25,1.26,3.36,2.15,3.04,1.08,1.25,0.68,0.38,1.2,2,2.76,0.71,0.53,1.25,0.84,1.5,0.81,0.49,0.64,0.3,-0.05,0.22,0.46,0.33,1.56,2.43,-1.16,1.06,1.41,,0.71,0.75,0,0.15,-0.74,2.66,5.57,2.63,1.3
2017/07/04 18:00,2.18,1.94,0.4,1,-1.08,3.08,2.64,1.75,1.44,2.91,1.05,1.6,　,0.07,1.55,1.97,0.34,0.79,0.33,2.23,-1.08,0.85,　,1.71,　,0.4,1.63,0.15,0.73,2.38,,0.63,0.97,1.26,,1.2,1.29,3.43,2.27,3.16,1.2,1.17,0.66,0.32,1.07,1.9,2.62,0.76,0.48,1.21,0.85,1.5,0.68,0.45,0.59,0.3,-0.08,0.19,0.43,0.29,1.75,2.59,-0.71,1.2,1.44,,0.7,0.74,0,0.14,-0.69,2.62,5.8,2.56,1.35
2017/07/04 19:00,2.03,1.72,0.46,0.97,-1.11,2.94,2.37,1.74,1.46,2.9,0.96,1.6,　,0.08,1.38,1.85,0.32,0.83,0.18,2.11,-0.23,1.11,　,1.79,　,0.38,1.51,0.08,0.67,2.35,2.82,0.61,0.9,1.22,,1.15,1.31,3.5,2.34,3.18,1.19,1.11,0.64,0.26,0.93,1.78,2.52,0.79,0.44,1.18,0.83,1.52,0.52,0.43,0.61,0.26,-0.11,0.16,0.42,0.32,1.79,2.3,-0.54,2.26,1.42,,0.69,0.73,-0.05,0.13,-0.41,2.56,5.79,2.59,1.4
2017/07/04 20:00,1.68,1.69,0.43,0.91,-1.14,2.55,2.08,1.71,1.47,2.92,0.91,1.59,　,0.09,1.38,1.78,0.31,0.85,0.16,1.93,-0.23,0.97,　,1.59,　,0.37,1.47,-0.07,0.56,2.28,2.7,0.59,0.83,1.19,,1.11,1.25,3.44,2.07,2.94,0.94,1.07,0.63,0.23,0.82,1.71,2.42,0.68,0.41,1.15,0.8,1.5,0.44,0.41,0.59,0.22,-0.13,0.14,0.41,0.41,1.91,1.97,-0.84,2.61,1.49,,0.69,0.73,-0.09,0.12,-0.44,2.5,5.44,2.61,1.43
2017/07/04 21:00,1.56,1.51,0.43,0.84,-1.16,2.55,1.78,1.68,1.44,2.9,0.86,1.58,　,0.09,1.24,1.67,0.3,0.85,0.09,1.79,-0.37,0.97,　,1.52,　,0.35,1.47,-0.13,0.48,2.24,2.55,0.57,0.78,1.18,,1.07,1.2,3.36,1.88,2.73,0.75,1.04,0.62,0.2,0.73,1.66,2.33,0.72,0.39,1.14,0.77,1.48,0.39,0.39,0.58,0.19,-0.15,0.13,0.4,0.31,1.81,1.95,-1.09,2.57,1.46,,0.68,0.72,-0.13,,-0.49,2.44,4.79,2.6,1.41
2017/07/04 22:00,1.55,1.45,0.38,0.77,-1.18,2.55,1.78,1.65,1.43,2.89,0.82,1.58,　,0.1,1.16,1.61,0.3,0.86,0.06,1.67,-0.53,0.67,　,1.23,　,0.34,1.48,-0.17,0.44,2.2,2.27,0.55,0.73,1.15,,1.04,1.16,3.26,1.63,2.4,0.44,1.01,0.62,0.17,0.66,1.6,2.27,0.75,0.37,1.13,0.74,1.52,0.28,0.38,0.57,0.17,-0.17,0.11,0.4,0.24,1.74,1.74,-1.14,2.27,1.46,,0.68,0.71,-0.15,,-0.52,2.4,4.18,2.58,1.36
2017/07/04 23:00,1.55,1.42,0.48,0.72,-1.2,2.54,1.77,1.63,1.42,2.87,0.79,1.57,　,0.1,1.18,1.68,0.29,0.85,0.06,1.57,-0.61,0.61,　,1.26,　,0.32,1.4,-0.18,0.41,2.19,2.31,0.54,0.68,1.13,,1.02,1.13,3.2,1.42,2.17,0.21,0.99,0.61,0.15,0.6,1.55,2.2,0.76,0.35,1.12,0.71,1.54,0.24,0.37,0.56,0.14,-0.18,0.11,0.39,0.16,1.59,1.67,-1.28,2.07,1.45,,0.67,0.71,-0.16,,-0.55,2.36,3.79,2.6,1.3
2017/07/05 00:00,1.54,1.4,0.47,0.68,-1.21,2.54,1.77,1.62,1.44,2.9,0.76,1.57,　,0.1,1.31,1.78,0.28,0.85,0.11,1.49,-0.72,0.51,　,1.18,　,0.31,1.36,-0.2,0.39,2.18,2.25,0.53,0.65,1.11,,1,1.09,3.14,1.32,1.98,0.05,0.96,0.61,0.14,0.56,1.53,2.13,0.76,0.34,1.12,0.67,1.54,0.22,0.36,0.56,0.13,-0.2,0.1,0.39,0.05,1.52,1.62,-1.36,1.95,1.43,,0.67,0.71,-0.17,0.09,-0.56,2.33,3.61,2.6,1.26
2017/07/05 01:00,1.54,1.38,0.46,0.64,-1.22,2.54,1.77,1.61,1.44,2.87,0.74,1.56,　,0.09,1.39,1.88,0.27,0.85,0.14,1.42,-0.82,0.53,　,1.29,　,0.3,1.36,-0.26,0.34,2.16,2.32,0.52,0.61,1.09,,0.99,1.06,3.09,1.3,2.04,0.06,0.95,0.6,0.12,0.52,1.51,2.08,0.75,0.34,1.11,0.64,1.53,0.21,0.36,0.55,0.11,-0.21,0.09,0.39,0.05,1.47,1.66,-1.42,1.78,1.44,,0.66,0.71,-0.17,0.09,-0.57,2.3,3.7,2.6,1.22
2017/07/05 02:00,1.54,1.36,0.45,0.6,-1.23,2.36,1.77,1.58,1.42,2.86,0.72,1.56,　,0.09,1.58,2.01,0.27,0.84,0.32,1.36,-0.88,0.55,　,1.39,　,0.28,1.36,-0.28,0.31,2.13,2.47,0.51,0.58,1.08,,0.97,1.04,3.03,1.42,2.28,0.31,0.93,0.6,0.11,0.49,1.49,2.04,0.73,0.33,1.1,0.6,1.52,0.19,0.35,0.55,0.1,-0.22,0.08,0.39,0.08,1.55,1.63,-1.39,1.67,1.44,,0.66,0.7,-0.17,0.08,-0.58,2.28,4.2,2.6,1.18
2017/07/05 03:00,1.4,1.34,0.44,0.57,-1.24,2.35,1.64,1.57,1.4,2.85,0.71,1.56,　,0.09,1.66,2.09,0.27,0.84,0.41,1.3,-0.91,0.8,　,1.61,　,0.27,1.36,-0.28,0.29,2.13,2.64,0.51,0.55,1.07,,0.96,1.02,2.99,1.69,2.57,0.61,0.92,0.6,0.1,0.47,1.48,2.01,0.71,0.32,1.09,0.58,1.51,0.17,0.35,0.54,0.09,-0.23,0.07,0.39,0.14,1.66,1.59,-1.4,1.62,1.45,,0.66,0.7,-0.18,0.08,-0.58,2.25,4.8,2.62,1.15
2017/07/05 04:00,1.39,1.27,0.41,0.54,-1.25,2.35,1.6,1.55,1.39,2.83,0.69,1.56,　,0.09,1.71,2.14,0.26,0.84,0.43,1.25,-0.98,0.83,　,1.75,　,0.26,1.35,-0.29,0.28,2.13,2.83,0.5,0.52,1.06,,0.95,1,2.94,1.98,2.86,0.9,0.9,0.6,0.1,0.45,1.46,1.98,0.7,0.31,1.08,0.57,1.5,0.15,0.34,0.54,0.08,-0.24,0.07,0.39,0.31,1.8,1.56,-1.43,1.64,1.44,,0.66,0.7,-0.18,0.08,-0.58,2.23,5.35,2.59,1.13
2017/07/05 05:00,1.38,1.25,0.4,0.51,-1.25,2.32,1.59,1.54,1.38,2.81,0.68,1.56,　,0.08,1.6,2.08,0.26,0.83,0.32,1.21,-1.03,1.02,　,1.83,　,0.25,1.31,-0.29,0.27,2.16,2.87,0.49,0.5,1.05,,0.93,0.99,2.91,2.23,3.12,1.18,0.89,0.59,0.09,0.43,1.45,1.96,0.68,0.31,1.08,0.76,1.49,0.12,0.33,0.53,0.07,-0.24,0.06,0.39,0.39,1.89,1.55,-1.46,1.61,1.45,,0.66,0.7,-0.18,0.08,-0.58,2.21,5.76,2.62,1.1
2017/07/05 06:00,1.3,1.24,0.4,0.49,-1.26,2.12,1.59,1.52,1.37,2.81,0.66,1.55,　,0.08,1.42,1.9,0.26,0.83,0.2,1.16,-1.12,0.87,　,1.74,　,0.24,1.26,-0.31,0.26,2.14,2.81,0.49,0.48,1.04,,0.93,0.97,2.88,2.31,3.21,1.26,0.88,0.59,0.08,0.42,1.44,1.94,0.68,0.3,1.07,0.85,1.45,0.09,0.32,0.53,0.06,-0.25,0.06,0.39,0.55,2.06,1.5,-1.47,1.58,1.42,,0.66,0.7,-0.18,0.07,-0.59,2.19,5.88,2.55,1.08
2017/07/05 07:00,1.16,1.22,0.39,0.47,-1.27,2.08,1.44,1.51,1.37,2.81,0.65,1.55,　,0.08,1.29,1.72,0.25,0.82,0.07,1.13,-1.16,0.8,　,1.62,　,0.23,1.21,-0.34,0.23,2.11,2.68,0.48,0.46,1.03,,0.91,0.96,2.84,2.19,3.09,1.13,0.87,0.58,0.07,0.4,1.41,1.91,0.68,0.3,1.06,0.88,1.45,0.03,0.21,0.53,0.05,-0.25,0.06,0.39,0.58,2.06,1.47,-1.53,1.51,1.44,,0.66,0.69,-0.18,0.07,-0.7,2.19,5.68,2.57,1.07
2017/07/05 08:00,1.14,1.16,0.37,0.45,-1.28,2.07,1.4,1.5,1.36,2.79,0.65,1.55,　,0.08,1.04,1.51,0.24,0.82,0.03,1.09,-1.21,0.6,　,1.43,　,0.22,1.19,-0.39,0.19,2.08,2.49,0.48,0.44,1.01,,0.91,0.94,2.82,1.89,2.81,0.82,0.86,0.6,0.06,0.38,1.37,1.89,0.7,0.3,1.07,0.89,1.48,-0.03,0.33,0.53,0.05,-0.26,0.05,0.39,0.46,2.01,1.47,-1.56,1.48,1.43,,0.65,0.69,-0.18,0.07,-0.77,2.17,5.15,2.57,1.04
2017/07/05 09:00,1.12,1.14,0.36,0.43,-1.28,2.08,1.4,1.48,1.35,2.78,0.63,1.55,　,0.08,0.78,1.29,0.23,0.81,0.01,1.06,-1.22,0.35,　,1.11,　,0.21,1.18,-0.41,0.17,2.06,2.15,0.47,0.42,1.01,,0.9,0.95,2.8,1.55,2.41,0.44,0.84,0.62,0.12,0.37,1.35,1.85,0.72,0.3,1.11,0.89,1.5,-0.03,0.29,0.53,0.05,-0.26,0.06,0.39,0.5,1.95,1.43,-1.57,1.41,1.46,,0.65,0.7,-0.17,0.06,-0.82,2.14,4.54,2.62,1.08
2017/07/05 10:00,1.13,1.13,0.35,0.42,-1.29,2.11,1.38,1.55,1.37,2.84,0.62,1.55,　,0.08,0.67,1.16,,0.81,0,1.04,-1.24,0.08,　,0.84,　,0.21,1.18,-0.42,0.15,2.05,1.93,0.46,0.39,1,,0.9,0.94,2.8,1.29,2.05,0.11,0.83,0.7,0.14,0.42,1.5,1.87,0.75,0.3,1.2,0.86,1.52,0.08,0.3,0.53,0.21,-0.26,0.69,0.39,0.28,1.75,1.42,-1.59,1.37,1.43,,0.65,0.72,-0.18,0.06,-0.83,2.13,3.86,2.58,1.04
2017/07/05 11:00,1.16,1.12,0.35,0.41,-1.28,2.15,1.39,1.97,1.56,3.18,0.63,1.55,　,0.07,0.63,1.13,0.22,0.8,0,1.02,-1.25,-0.05,　,0.67,　,0.2,1.18,-0.43,0.14,2.04,1.72,0.45,0.38,0.99,,0.9,0.93,2.78,1.09,1.74,-0.07,0.81,0.73,0.14,0.4,1.49,2.05,0.79,0.31,1.21,0.88,1.53,0.14,0.3,0.53,0.56,-0.28,1.36,0.39,0.24,1.57,1.38,-1.6,1.37,1.43,,0.65,0.75,-0.13,0.08,-0.75,2.13,3.41,2.61,1.02
2017/07/05 12:00,1.18,1.09,0.34,0.41,-1.22,2.15,1.43,2.01,1.57,3.08,0.63,1.54,　,0.07,0.74,1.22,0.22,0.8,0,0.99,-1.25,-0.16,　,0.63,　,0.19,1.19,-0.43,0.13,2.03,1.71,0.45,0.36,0.99,,0.9,0.96,2.78,1.13,1.37,-0.11,0.82,0.67,0.16,0.38,1.48,2.18,0.84,0.45,1.19,0.94,1.54,0.15,0.3,0.69,0.56,-0.25,1.36,0.39,0.26,1.48,1.37,-1.57,1.45,1.44,,0.66,0.84,-0.16,0.12,-0.32,2.17,3.11,2.61,1.02
2017/07/05 13:00,1.19,1.11,0.34,0.38,-1.17,2.32,1.44,1.88,1.55,3.06,0.62,1.54,　,0.07,0.84,1.36,0.21,0.79,0,0.93,-1.25,-0.14,　,0.64,　,0.19,1.2,-0.43,0.12,2.03,1.71,0.44,0.35,0.99,,0.93,0.99,2.86,1.13,1.31,-0.05,0.83,0.69,0.4,0.49,1.59,2.32,0.8,0.55,1.22,0.89,1.65,0.32,0.58,0.88,0.9,0.1,1.85,1.12,0.53,1.37,1.42,-1.6,1.54,1.47,,0.66,1.57,0.42,0.2,-0.1,2.42,3.09,2.6,1.04
2017/07/05 14:00,1.78,1.15,0.35,0.43,-0.95,3.21,1.43,1.96,1.52,3.03,0.62,1.54,　,0.07,1.04,1.55,0.2,0.79,0,0.9,-1.26,-0.11,　,0.73,　,0.39,1.23,-0.41,0.31,2.03,1.82,0.45,0.36,1.01,,1.09,1.46,3.19,1.17,1.47,-0.07,0.89,0.72,0.47,0.69,1.79,2.57,0.84,0.48,1.29,0.88,1.76,0.85,0.74,0.76,1.22,0.28,1.61,1.18,0.72,1.28,1.6,-1.51,1.78,1.44,,0.66,2.01,0.86,0.18,0.93,2.7,3.28,2.59,1.08
2017/07/05 15:00,2.26,1.46,0.23,0.43,0.94,3.3,2.61,1.91,1.52,3.09,0.68,1.54,　,0.07,1.3,1.78,0.22,0.79,0.05,0.99,-1.26,0.16,　,1.05,　,0.6,1.27,-0.32,0.39,2.1,2.13,0.45,0.45,1.31,,1.71,2.73,4.94,1.21,1.84,-0.04,0.95,0.7,0.41,1.03,2.11,2.75,0.81,0.43,1.54,0.78,1.66,1.39,1.03,0.71,1.09,0.18,1.28,1.18,0.86,1.34,2.94,-1.07,2.07,1.48,,0.66,2.14,0.89,0.15,0.52,2.77,4.04,2.61,1.32
2017/07/05 16:00,2.26,1.68,0.39,0.48,1.92,3.3,2.64,1.95,1.51,3.05,0.9,,　,0.08,1.48,1.97,0.23,0.8,0.2,1.19,-1.21,0.53,　,1.35,　,0.48,1.38,-0.3,0.44,2.15,2.42,0.48,0.71,1.62,,3.68,3.71,5.99,1.83,2.29,0.31,1.37,0.7,0.35,1.17,2.2,2.89,0.83,0.39,3.8,0.87,1.49,1.45,0.82,0.67,0.9,0.11,1.13,1.09,0.78,1.42,4.05,0,2.66,1.47,,0.72,3.22,1.72,0.23,0.76,2.8,4.59,2.61,2.7
2017/07/05 17:00,2.28,1.75,0.38,0.71,2.53,3.49,2.69,1.93,1.52,3.08,1.27,1.54,　,0.07,1.58,2.02,0.23,0.8,0.28,1.43,-0.95,0.79,　,1.64,　,0.59,1.63,-0.24,0.48,2.16,2.68,0.55,1.43,2.63,,4.2,4.94,8.2,2.96,2.84,0.85,2.32,1.96,0.32,1.14,2.15,2.9,0.84,0.37,4.65,1.98,1.3,1.38,0.7,0.66,0.72,0.04,1.02,1.02,0.68,1.46,5.12,0,4.56,1.56,,1.12,3.44,1.94,1.47,1.01,2.78,5.26,2.6,3.78
2017/07/05 18:00,2.64,1.9,0.44,1.01,3.31,3.6,3.08,2.04,1.5,3.09,2.31,1.55,　,0.08,1.51,2.04,0.23,0.85,0.24,1.79,-0.3,1.03,　,1.76,　,0.64,2.43,0.09,0.77,2.35,2.85,0.66,2.63,2.9,,5.06,5.62,8.89,3.82,3.19,1.37,2.64,2.18,0.53,1.06,2.19,2.87,0.84,0.36,3.28,3.42,2.58,1.89,0.95,0.66,0.67,0.08,0.82,0.97,0.62,1.67,5.64,0,6.71,1.89,,1.11,3.3,3.27,1.74,,2.77,5.72,2.61,4.24
2017/07/05 19:00,3.05,2.08,0.41,1.51,4.28,4.17,3.22,2.01,1.49,3.05,3.07,1.55,　,0.09,1.51,1.97,0.24,1.25,0.28,2.43,0.28,1.37,　,1.86,　,0.67,2.94,1,1.66,2.81,2.92,0.71,2.77,3.47,,6.12,6.64,10.26,4.38,3.44,1.69,3.06,1.6,1.01,1.87,3.18,3.02,0.92,0.35,,2.99,3.34,3.55,1.05,0.74,0.59,0.04,0.68,0.89,0.58,1.84,6.43,0,8.21,2.7,,1.21,3.45,2.78,1.68,2.1,2.71,5.92,2.56,4.96
2017/07/05 20:00,3.37,3,0.64,3.03,4.23,4.24,4.03,2.01,1.48,3.03,3.51,1.54,　,0.16,1.42,1.86,0.25,1.56,0.2,2.93,0.86,1.66,　,1.84,　,0.66,3.57,2.1,2.4,3.47,2.91,0.77,3.12,3.35,,6.75,7.35,11.32,5.02,3.47,1.96,3.45,1.59,1.02,2.69,3.94,3.49,1.14,0.34,,2.23,3.26,4.07,0.86,0.83,0.52,0.02,0.59,0.84,0.57,1.9,6.79,0,9.31,3.62,,1.2,3.4,,1.25,1.65,2.67,5.82,2.6,5.38
2017/07/05 21:00,3.25,3.3,0.83,3.58,3.86,3.97,4.01,2.03,1.54,3.17,3.5,1.55,　,0.28,1.32,1.73,0.29,1.82,0.1,3.11,1.33,2.14,　,1.71,　,0.65,3.9,3.05,3.05,3.99,2.75,0.93,3.06,3.27,,6.83,7.75,11.73,5.57,3.41,2.11,3.58,1.55,0.81,3.04,4.18,3.83,1.32,0.34,,2.57,2.78,4.04,0.68,0.8,0.46,-0.01,0.53,0.81,0.58,1.92,7.22,0,9.99,4.42,,1.14,3.37,2.26,0.91,1.32,2.68,5.33,2.57,5.63
2017/07/05 22:00,2.91,3.14,0.73,3.46,3.32,3.83,3.46,2.01,1.58,3.3,3.21,1.58,　,0.41,1.17,1.63,0.33,1.96,0.05,3.32,1.4,2.34,　,1.54,　,0.63,3.71,3.52,3.41,4.39,2.7,0.99,2.99,3.68,,6.56,7.36,11.49,5.71,3.26,2.25,,1.38,0.66,3,4.1,3.92,1.41,0.34,,2.61,2.73,3.79,0.62,0.58,0.41,-0.03,0.48,0.79,0.52,1.85,7.1,,10.3,5.06,,1.06,3.22,2.07,0.68,1.51,2.65,4.75,2.58,5.71
2017/07/05 23:00,2.99,3.02,0.64,3.22,2.33,4.05,3.47,1.99,2.01,3.88,3.08,1.66,　,0.5,1.14,1.55,0.42,2.01,0.05,3.56,1.46,2.44,　,1.41,　,0.57,3.72,3.33,3.33,4.43,2.71,0.93,3.2,3.6,,6.51,7.21,11.28,5.38,2.99,2.09,3.16,1.24,0.58,2.88,4.01,3.91,1.4,0.34,,1.99,2.68,3.73,0.57,0.55,0.37,-0.05,0.45,0.77,0.43,1.69,6.09,,10.19,5.51,,1.03,3.09,1.94,0.56,1.33,2.61,4.13,2.59,5.42
2017/07/06 00:00,3.69,3.01,0.61,3.06,1.65,4.65,4.18,2.01,1.85,3.74,2.89,1.74,　,0.55,1.2,1.61,0.52,2.02,0.08,3.94,1.6,2.52,　,1.33,　,0.57,3.64,3.23,3.3,4.43,2.73,0.89,3.06,3.22,,5.47,6.41,10.39,5.29,2.85,2,3.08,1.18,0.53,2.72,3.85,3.85,1.36,0.34,,1.53,2.13,3.52,0.54,0.57,0.34,-0.06,0.42,0.75,0.35,1.58,5.25,,9.64,5.66,,1.01,2.99,1.81,0.51,1.42,2.59,3.68,2.63,5.14
2017/07/06 01:00,4.33,3.19,0.74,2.9,1.51,5.1,5.1,2.14,1.8,3.62,2.68,1.84,　,0.59,1.32,1.74,0.64,2,0.12,4.43,1.77,2.65,　,1.38,　,0.56,3.52,3.08,3.17,4.36,2.75,0.95,2.76,2.98,,5.35,5.72,9.31,4.69,2.52,1.7,2.83,1.12,0.47,2.43,3.54,3.76,1.27,0.34,,1.2,1.6,3.07,0.52,0.53,0.31,-0.07,0.65,0.82,0.34,1.47,4.99,1.61,8.95,5.59,,1,2.89,1.77,0.54,1.33,2.6,3.56,2.66,4.56
2017/07/06 02:00,4.39,3.19,0.79,2.61,1.23,5.09,5.26,2.09,1.79,3.55,2.53,1.95,　,0.64,1.47,1.89,0.93,1.96,0.23,4.18,2.11,2.97,　,1.55,　,0.55,3.48,2.79,2.92,4.12,2.73,0.97,2.58,2.97,,4.76,5.44,9.17,4.38,2.39,1.51,2.67,1.08,0.41,2.17,3.31,3.62,1.15,0.37,,1.02,1.34,2.73,0.54,0.51,0.4,0.03,1.02,0.99,0.45,1.49,4.93,1.48,8.29,5.35,,0.98,2.86,1.63,0.51,1.02,2.69,3.71,3.04,4.45
2017/07/06 03:00,4.24,3.13,0.73,2.44,,4.98,5.17,2.19,2.27,3.68,2.57,2.08,　,0.7,1.58,2.03,1.06,1.92,0.36,4.47,2.01,3.09,　,1.69,　,0.54,3.51,2.65,2.74,3.92,2.71,0.93,2.45,2.71,,4.4,4.98,8.59,4.1,2.41,1.35,2.43,1.09,0.49,1.92,3.04,3.49,1.05,0.49,,0.97,1.22,2.38,0.6,0.46,0.76,0.14,0.99,1,0.61,1.49,4.84,1.4,7.78,,,,2.82,1.58,0.5,0.87,3.37,3.85,3.69,4.08
2017/07/06 04:00,4.16,3.03,0.67,2.38,0.92,4.92,5.05,3,2.86,3.88,2.46,2.15,　,0.79,1.71,2.13,1.06,1.89,0.48,4.79,2.31,3.16,　,1.88,　,0.54,3.4,2.63,2.69,3.84,2.83,0.9,2.32,2.64,,4.17,4.74,8.23,3.86,2.68,1.17,2.25,1.05,0.47,1.71,2.81,3.36,0.98,0.45,,0.89,1.13,2.12,0.82,0.46,,0.12,0.79,0.93,0.65,1.65,4.66,1.32,7.44,4.82,,0.96,2.76,1.6,0.52,0.72,3.91,4.76,3.86,3.86
2017/07/06 05:00,4.17,2.99,0.65,2.36,0.73,4.92,5.01,2.81,2.31,3.79,2.25,2.19,　,0.93,1.72,2.13,1.08,1.86,0.51,4.51,2.55,3.42,　,2.03,　,0.51,3.33,2.46,2.55,3.75,2.91,0.89,2.18,2.51,,3.97,4.55,8.01,3.68,2.98,1.2,2.13,1.01,0.44,1.6,2.66,3.26,0.93,0.44,,0.95,0.94,1.89,0.79,0.5,0.73,0.1,0.63,0.87,0.63,1.8,4.42,1.12,7.12,4.54,,0.95,2.73,1.76,0.49,0.63,4.14,5.53,3.85,3.73
2017/07/06 06:00,4.42,2.97,0.6,2.19,0.67,5.05,5.24,2.69,2.08,3.64,2.13,2.21,　,1,1.69,2.01,1.1,1.82,0.45,4.26,2.31,3.46,　,2.13,　,0.51,3.31,2.33,,3.66,3.01,0.9,2.07,2.41,,3.85,4.4,7.86,3.56,3.22,1.34,2.04,0.99,0.44,1.47,2.5,3.18,0.9,0.44,,1.06,0.97,1.69,0.77,0.55,0.68,0.12,0.65,0.88,0.65,1.96,4.26,0.98,6.76,4.3,,,2.74,1.75,0.47,0.57,4.11,6.02,3.74,3.59
2017/07/06 07:00,4.43,3.03,0.67,2.08,0.64,5.12,5.31,2.63,1.99,3.57,2.06,2.24,　,1.04,1.6,1.83,1.14,1.8,0.43,4.41,2.08,3.26,　,2.03,　,0.52,3.27,2.27,2.37,3.58,2.89,0.92,2,2.34,,3.82,4.34,7.67,3.51,3.27,1.36,2.01,1.01,0.44,1.41,2.43,3.11,0.88,0.49,,1.1,1.02,1.64,0.84,0.58,0.64,0.16,0.75,0.92,0.76,2.1,4.25,0.88,6.44,4.06,,0.94,2.77,,0.47,0.2,4.04,6.09,3.75,3.51
